Section,Subsection,Topic (Bangla),Topic (English),Path,Content type,Priority,Notes
Start Here,Orientation,স্টার্টআপ কী?,What is a startup?,/start-here/what-is-a-startup,Guide,High,
Start Here,Orientation,"বাংলাদেশে স্টার্টআপ, এসএমই, এজেন্সি ও ই-কমার্স ব্যবসার পার্থক্য",Startup vs SME vs agency vs e-commerce business in Bangladesh,/start-here/startup-vs-sme,Guide,High,Clarifies business models and growth trajectories. Tip: Use to align founder expectations before registering.
Start Here,Orientation,"স্টার্টআপ করবেন, নাকি সাধারণ ব্যবসা?",Should you build a startup or a normal business?,/start-here/startup-or-business,Guide,High,Helps founders decide between venture-scale growth and lifestyle business. Tip: Assess personal risk appetite.
Start Here,Orientation,বাংলাদেশের স্টার্টআপ ইকোসিস্টেম: কোথা থেকে শুরু করবেন,Bangladesh startup ecosystem overview,/ecosystem/where-to-start,Guide,High,"Maps out incubators, VCs, and government initiatives. Tip: Use for early networking."
Start Here,Orientation,বাংলাদেশি ফাউন্ডারদের সাধারণ ভুল ধারণা,Common myths Bangladeshi founders believe,/start-here/common-myths,Guide,High,Addresses misconceptions about funding and product-market fit. Tip: Read before validating ideas.
Start Here,Orientation,স্টার্টআপ ডিকশনারি: কোন শব্দের মানে কী,Startup Glossary: What do these terms mean?,/start-here/glossary,Guide,High,Translates common startup terms. Tip: Keep handy during investor meetings.
Start Here,Orientation,প্রতিষ্ঠাতা হিসেবে কোন পথে শুরু করবেন,Founder path chooser,/start-here/founder-path-chooser,Guide,High,Helps readers choose the right journey before reading everything.
Start Here,Orientation,বাংলাদেশে স্টার্টআপ শুরু করার ৩০ দিনের রোডম্যাপ,30-day roadmap to starting a startup in Bangladesh,/start-here/30-day-roadmap,Guide,High,Starter path for first-time founders.
Start Here,Orientation,এক পাতার স্টার্টআপ পরিকল্পনা,One-page startup plan,/start-here/one-page-startup-plan,Template,High,Simple planning artifact.
Start Here,Orientation,প্রতিষ্ঠাতা হিসেবে আপনি প্রস্তুত কি না: চেকলিস্ট,Founder readiness checklist,/start-here/founder-readiness-checklist,Checklist,High,"Skills, time, money, family and risk readiness."
Start Here,Orientation,দেশি স্টার্টআপের ম্যানুয়াল কীভাবে ব্যবহার করবেন,How to use the Deshi Startup manual,/start-here/how-to-use,Guide,Medium,"Explains language switching, search, journeys, freshness, and contribution paths."
Phase 1: Starting,Idea & Validation,বাংলাদেশে স্টার্টআপ আইডিয়া খুঁজে পাওয়ার বাস্তব উপায়,How to find startup ideas in Bangladesh,/ideas/finding-ideas,Guide / Template,High,Methods to test if a problem is real. Tip: Talk to 10 potential users before building.
Phase 1: Starting,Idea & Validation,বাংলাদেশি বাজারে আইডিয়া ও সমস্যা যাচাই,Ideation and problem validation in the Bangladeshi market,/ideas/ideation-basics,Guide / Template,High,Highlights high-growth industries. Tip: Cross-reference with your domain expertise.
Phase 1: Starting,Idea & Validation,"বাংলাদেশে সুযোগের খাত: ফিনটেক, এগ্রিটেক, এডটেক, হেলথটেক, লজিস্টিকস, ই-কমার্স","Common opportunity sectors: fintech, agritech, edtech, healthtech, logistics, e-commerce",/ideas/opportunity-sectors,Guide / Template,High,Techniques like landing pages and pre-sales. Tip: Run low-cost Facebook ads to gauge interest.
Phase 1: Starting,Idea & Validation,পণ্য বানানোর আগে চাহিদা যাচাই করার পাঁচটা পরীক্ষা,Five tests for demand before you build the product,/validation/demand-without-building,Guide / Template,High,Guide on asking non-leading questions. Tip: Avoid pitching your idea during discovery.
Phase 1: Starting,Idea & Validation,"যাচাইয়ের আলাপে কী জিজ্ঞেস করবেন, আর কোন উত্তর বিশ্বাস করবেন না","What to ask in a validation interview, and which answers to distrust",/validation/customer-interviews,Guide / Template,High,Ready-to-use questions for user research. Tip: Adapt the tone based on the target demographic.
Phase 1: Starting,Idea & Validation,"গ্রাহক ইন্টারভিউয়ের স্ক্রিপ্ট, বাংলা ও ইংরেজিতে","Customer interview scripts, in Bangla and English",/validation/interview-scripts,Guide / Template,High,Criteria to ensure the problem is painful enough. Tip: Score ideas based on frequency and budget.
Phase 1: Starting,Idea & Validation,সমস্যা যাচাইকরণ চেকলিস্ট,Problem validation checklist,/ideas/problem-validation-checklist,Guide / Template,High,Tool to prioritize multiple ideas. Tip: Weigh market size and execution difficulty.
Phase 1: Starting,Idea & Validation,সমস্যা র‍্যাঙ্কিং স্কোরকার্ড,Problem ranking scorecard,/ideas/problem-ranking-scorecard,Guide / Template,High,Case studies of early product versions. Tip: Learn how to launch with minimal tech.
Phase 1: Starting,Idea & Validation,"প্রথম সংস্করণ কেমন হবে: এমভিপির সাতটা চেনা আকার","What the first version looks like: seven MVP shapes",/validation/mvp-examples,Guide / Template,High,Framework to design validation tests. Tip: Define success metrics before starting.
Phase 1: Starting,Idea & Validation,"পরীক্ষার পরিকল্পনা: এক পাতায় লিখে ফেলার ছক","The experiment plan: one page to fill in first",/validation/mvp-experiment-planner,Guide / Template,High,Strategies to test willingness to pay. Tip: Offer money-back guarantees to build trust.
Phase 1: Starting,Idea & Validation,"দাম যাচাই: কম ভরসার বাজারে কত চাইবেন, আর কীভাবে পরীক্ষা করবেন","Pricing tests: what to charge in a low-trust market",/validation/pricing-tests,Guide / Template,High,Comparison of business models and sales cycles. Tip: B2B often has longer sales cycles but higher retention.
Phase 1: Starting,Idea & Validation,বাংলাদেশে B2C বনাম B2B বনাম B2B2C,B2C vs B2B vs B2B2C in Bangladesh,/ideas/b2c-vs-b2b,Guide / Template,High,Adapting research methods to local norms. Tip: Account for social desirability bias in interviews.
Phase 1: Starting,Idea & Validation,টাকাটা কে ছাড়েন: যাচাইয়ে বাংলাদেশের সমাজবাস্তবতা,Who actually releases the money: social realities in validation,/validation/cultural-context,Guide,High,
Phase 1: Starting,Idea & Validation,"টেকসই বিজনেস মডেল: কীভাবে সাজাবেন, কীভাবে পরীক্ষা করবেন",Designing and testing a sustainable and scalable business model,/validation/business-model-design,Guide / Template,Medium,"Customer, value, delivery, revenue, cost, repeatability, scalability, and the one assumption that would break the model. Sits between /start-here/startup-vs-sme (which business type) and the MVP guides (how to test). Source lead: Accelerating Bangladesh, Sustainable and Scalable Business Models."
Phase 1: Starting,Market Research,"বাজারের ডেটা কোথায় পাবেন, আর সংখ্যা পড়ার আগে কী দেখে নেবেন","Where to find Bangladesh market data, and what to check first",/ideas/market-data-sources,Guide,High,
Phase 1: Starting,Market Research,বাংলাদেশে বাজারের আকার কীভাবে নির্ধারণ করবেন,How to size a market in Bangladesh,/ideas/market-sizing,Guide,High,
Phase 1: Starting,Market Research,"জনসংখ্যাতত্ত্ব, ইন্টারনেট ব্যবহারের হার, মোবাইল-ফার্স্ট আচরণ, শহুরে বনাম গ্রামীণ গতিশীলতা বোঝা","Understanding demographics, internet penetration, mobile-first behavior, urban vs rural dynamics",/ideas/market-demographics,Guide,High,
Phase 1: Starting,Market Research,বাংলাদেশের জন্য বাজার গবেষণা চেকলিস্ট,Market research checklist for Bangladesh,/ideas/market-research-checklist,Guide,High,
Phase 1: Starting,Market Research,বাংলাদেশের বাজারের তথ্য পরিচ্ছন্নভাবে উদ্ধৃত করার উপায়,How to cite Bangladesh market data cleanly,/ideas/citing-market-data,Guide,High,
Phase 1: Starting,Business Structure,একক মালিকানা বনাম অংশীদারী ব্যবসা বনাম প্রাইভেট লিমিটেড কোম্পানি,Sole proprietorship vs partnership vs private limited company,/company-types,Guide / Comparison,High,
Phase 1: Starting,Business Structure,কোম্পানি আইন ১৯৯৪ এর অধীনে এক ব্যক্তি কোম্পানি (ওপিসি),One Person Company (OPC) under Companies Act 1994,/registration/opc,Guide / Comparison,High,
Phase 1: Starting,Business Structure,কখন কোম্পানি নিবন্ধন করবেন,When to register a company,/registration/when-to-register,Guide / Comparison,High,
Phase 1: Starting,Business Structure,খরচ ও সময়সীমা সহ ব্যবসায়িক কাঠামোর তুলনামূলক সারণী,Business structure comparison table with costs and timelines,/registration/structure-comparison,Guide / Comparison,High,
Phase 1: Starting,Business Structure,প্রতিষ্ঠাতা চুক্তির মূল বিষয়গুলি,Founder agreement basics,/cofounders/founder-agreement,Guide / Comparison,High,
Phase 1: Starting,Business Structure,বাংলাদেশে co-founder equity split ও vesting,Co-founder equity splits and vesting in Bangladesh,/cofounders/equity-and-vesting,Guide / Comparison,High,
Phase 1: Starting,Business Structure,বাংলাদেশে solo founder বনাম team founder: বাস্তব trade-off,Solo founder vs team founder tradeoffs in Bangladesh,/cofounders/solo-vs-team,Guide / Comparison,High,
Phase 1: Starting,Company Registration,আরজেএসসি নাম ছাড়পত্র,RJSC name clearance,/registration/name-clearance,Guide / Checklist,High,Steps to reserve a company name. Tip: Have 3 alternative names ready.
Phase 1: Starting,Company Registration,ধাপে ধাপে প্রাইভেট লিমিটেড কোম্পানি নিবন্ধন,Private limited company registration step-by-step,/registration/private-limited,Guide / Checklist,High,Detailed incorporation guide. Tip: Hire a professional if you want to save time.
Phase 1: Starting,Company Registration,স্মারকলিপি এবং সংঘবিধির মূল বিষয়াবলী,Memorandum and Articles of Association basics,/registration/moa-aoa,Guide / Checklist,High,Explains the constitutional documents of a company. Tip: Use standard templates unless you have complex needs.
Phase 1: Starting,Company Registration,আরজেএসসি ফি এবং সময়সীমা সংক্রান্ত প্রত্যাশা,RJSC fees and timeline expectations,/registration/rjsc-fees,Guide / Checklist,High,Breakdown of official costs. Tip: Keep extra budget for miscellaneous processing fees.
Phase 1: Starting,Company Registration,আরজেএসসি-এর সাধারণ ভুলগুলো,Common RJSC mistakes,/registration/rjsc-mistakes,Guide / Checklist,High,Pitfalls during registration. Tip: Double-check all NID details before submission.
Phase 1: Starting,Company Registration,ডিজিটাল ব্যবসায়িক পরিচয় (ডিবিআইডি),Digital Business Identity (DBID),/registration/dbid,Guide / Checklist,High,Guide on mandatory e-commerce registration. Tip: Required for all online sellers.
Phase 1: Starting,Company Registration,"আরজেএসসি থেকে সার্টিফাইড কপি: কী পাওয়া যায় আর কী পাওয়া যায় না","Certified copies from RJSC: what you can get, and what you cannot",/registration/certified-copies,Guide / Checklist,High,Post-registration compliance. Tip: Set calendar reminders for annual filings.
Phase 1: Starting,Company Registration,আইনসম্মতভাবে একটি কোম্পানি বন্ধ করে দেওয়া,Closing down a company legally,/registration/closing-a-company,Guide / Checklist,High,"Process for winding up. Tip: Do not just abandon the company, it can lead to legal issues."
Phase 1: Starting,Local Licenses & Tax,ট্রেড লাইসেন্স নির্দেশিকা,Trade license guide,/trade-license,Guide / Tracker,High,How to get a basic business license. Tip: Apply at the local city corporation or union parishad.
Phase 1: Starting,Local Licenses & Tax,ট্রেড লাইসেন্সের খরচ এবং নবায়ন প্রক্রিয়া,Trade license costs and renewal process,/licenses/trade-license-renewal,Guide / Tracker,High,Fee structures and deadlines. Tip: Renew before July to avoid penalties.
Phase 1: Starting,Local Licenses & Tax,ই-টিআইএন গাইড,e-TIN guide,/tax/e-tin,Guide / Tracker,High,Steps to get a Tax Identification Number. Tip: Required for directors and the company.
Phase 1: Starting,Local Licenses & Tax,ভ্যাট/বিন নির্দেশিকা,VAT/BIN guide,/tax/vat-bin,Guide / Tracker,High,How to get a Business Identification Number. Tip: Needed for importing or participating in tenders.
Phase 1: Starting,Local Licenses & Tax,যখন ভ্যাট নিবন্ধন প্রয়োজন,When VAT registration is required,/tax/when-vat-required,Guide / Tracker,High,Thresholds for mandatory VAT. Tip: Check if your specific service is exempt.
Phase 1: Starting,Local Licenses & Tax,কীভাবে ট্যাক্স এবং ভ্যাট রিটার্ন দাখিল করবেন,How to file tax and VAT returns,/tax/filing-returns,Guide / Tracker,High,Basic filing procedures. Tip: Hire a tax consultant for the first few filings.
Phase 1: Starting,Local Licenses & Tax,টার্নওভার ট্যাক্স এবং ভ্যাট থ্রেশহোল্ড ব্যাখ্যা,Turnover tax and VAT threshold explainer,/tax/vat-thresholds,Guide / Tracker,High,Differences between turnover tax and standard VAT. Tip: Keep accurate sales records.
Phase 1: Starting,Local Licenses & Tax,বার্ষিক সম্মতি চেকলিস্ট,Annual compliance checklist,/tax/annual-compliance,Guide / Tracker,High,Yearly legal requirements. Tip: Maintain a compliance folder.
Phase 1: Starting,Local Licenses & Tax,"বাজেট, এনবিআর সার্কুলার, আরজেএসসি নোটিশের নিয়ন্ত্রক পরিবর্তন তালিকা","Regulatory changelog for budget, NBR circulars, RJSC notices",/tax/regulatory-changelog,Guide / Tracker,High,
Phase 1: Starting,Banking & Payments Setup,"ব্যবসার ব্যাংক অ্যাকাউন্ট: কোন ব্যাংকে গেলে খুলবে","Business bank account: which bank will actually open one",/payments/bank-account,Guide / Checklist,High,
Phase 1: Starting,Banking & Payments Setup,কোন ব্যাংকগুলো স্টার্টআপ-বান্ধব?,Which banks are startup-friendly,/payments/startup-friendly-banks,Guide / Checklist,High,
Phase 1: Starting,Banking & Payments Setup,কর্পোরেট ব্যাংক অ্যাকাউন্টের ডকুমেন্টেশন চেকলিস্ট,Corporate bank account documentation checklist,/payments/bank-documents,Guide / Checklist,High,
Phase 1: Starting,Banking & Payments Setup,"বিকাশ, নগদ ও পেমেন্ট গেটওয়ে: কোনটা কখন লাগে","bKash, Nagad, and payment gateways: which one you actually need",/payments/mfs-and-gateways,Guide / Checklist,High,
Phase 1: Starting,Banking & Payments Setup,গেটওয়ে ইন্টিগ্রেশন: ডেভেলপারকে যা বলে দিতে হবে,Gateway integration: what to tell your developer,/payments/gateway-integration,Guide / Checklist,High,
Phase 1: Starting,Banking & Payments Setup,"কার্ড আছে, কার্ডে কেনাকাটা নেই: টাকা নেওয়ার পথ যেভাবে সাজাবেন","Cards are common, card purchases are not: how to set up payments",/payments/low-card-penetration,Guide / Checklist,High,
Phase 1: Starting,Banking & Payments Setup,"SaaS রপ্তানি, রেমিট্যান্স ও বিদেশি শেয়ারহোল্ডারের বৈদেশিক মুদ্রার নিয়ম","Foreign exchange basics for SaaS export, remittance, and foreign shareholders",/trade/foreign-exchange,Guide / Checklist,High,
Phase 1: Starting,Import / Export / IP,আমদানি-রপ্তানি নিবন্ধনের প্রাথমিক ধারণা,Import/export registration basics,/trade/import-export-registration,Guide,Medium,
Phase 1: Starting,Import / Export / IP,আইআরসি/ইআরসি চেকলিস্ট,IRC/ERC checklist,/trade/irc-erc-checklist,Guide,Medium,
Phase 1: Starting,Import / Export / IP,বাংলাদেশ থেকে রপ্তানিমুখী SaaS,Export-oriented SaaS from Bangladesh,/ideas/export-saas,Guide,Medium,
Phase 1: Starting,Import / Export / IP,মেধাস্বত্ব ও ট্রেডমার্কের প্রাথমিক ধারণা,Intellectual property and trademark basics,/ip/basics,Guide,Medium,
Phase 1: Starting,Import / Export / IP,"কপিরাইট, পেটেন্ট, ডিজাইন এবং ট্রেডমার্ক","Copyright, patents, designs, and trademarks",/ip/copyright-patent-design,Guide,Medium,
Phase 1: Starting,Import / Export / IP,ইসলামী অর্থায়ন / হালাল ব্যবসা সংক্রান্ত বিবেচ্য বিষয়সমূহ (যেখানে প্রাসঙ্গিক),Islamic finance / halal business considerations where relevant,/funding/islamic-finance,Guide,Medium,
Phase 1: Starting,Idea & Validation,সমস্যার তালিকা থেকে ব্যবসার সুযোগ বাছাই,Turning a problem list into a business opportunity,/ideas/problem-to-opportunity,Guide / Template,High,Practical ideation workflow.
Phase 1: Starting,Idea & Validation,"ঢাকার বাইরে যাচাই: দেশের সাত ভাগের ছয় ভাগ যেখানে","Validating outside Dhaka: where six-sevenths of the country is",/validation/outside-dhaka,Guide,High,Bangladesh-specific distribution reality.
Phase 1: Starting,Idea & Validation,ফেসবুক গ্রুপে চাহিদা পরীক্ষা,Testing demand in Facebook groups,/validation/facebook-group-tests,Playbook,High,DataReportal shows Facebook is a major Bangladesh channel.
Phase 1: Starting,Idea & Validation,প্রি-অর্ডার নাকি ওয়েটলিস্ট: কোনটা ব্যবহার করবেন,Pre-orders vs waitlists in Bangladesh,/validation/preorders-vs-waitlists,Guide,High,Useful for commerce and SaaS.
Phase 1: Starting,Idea & Validation,"সার্ভে নয়, সাক্ষাৎকার: বাংলাদেশে কেন বেশি কার্যকর",Why interviews beat surveys in Bangladesh,/validation/interviews-vs-surveys,Guide,High,Low-trust market nuance.
Phase 1: Starting,Idea & Validation,"ফিল্ড রিসার্চ পরিকল্পনা: বাজার, দোকান, মহল্লা","Field research plan: markets, shops and neighborhoods",/validation/field-research-plan,Template,High,For offline-first validation.
Phase 1: Starting,Idea & Validation,"প্রতিযোগী ম্যাপ: অনলাইন, অফলাইন ও অনানুষ্ঠানিক প্রতিদ্বন্দ্বী","Competitor map: online, offline and informal competitors",/ideas/competitor-map,Template,High,Includes informal economy.
Phase 1: Starting,Idea & Validation,নকল আইডিয়া বনাম বাংলাদেশে মানানো আইডিয়া,Copied ideas vs localized ideas,/ideas/copy-vs-localize,Guide,Medium,Avoid shallow Silicon Valley copying.
Phase 1: Starting,Idea & Validation,প্রথম দিকের বিশ্বাসযোগ্যতার সংকেত কীভাবে পরীক্ষা করবেন,How to test early trust signals,/validation/trust-signals,Guide,High,Trust-first Bangladesh angle.
Phase 1: Starting,Idea & Validation,গ্রাহকের পেমেন্ট আচরণ কীভাবে যাচাই করবেন,How to validate customer payment behavior,/validation/payment-behavior,Guide,High,"Important for COD, wallet and subscription businesses."
Phase 1: Starting,Idea & Validation,গ্রাহকের ভাষা সংগ্রহ করে বাংলা কপি লেখা,Collecting customer language for Bangla copywriting,/validation/customer-language,Template,Medium,Supports Bangla-first UX and landing pages.
Phase 1: Starting,Market Research,"BBS, BTRC, World Bank ও DataReportal দিয়ে বাজার বোঝা","Using BBS, BTRC, World Bank and DataReportal for market research",/ideas/using-market-data,Guide,High,"Source lead: BBS, BTRC, World Bank, DataReportal."
Phase 1: Starting,Market Research,ফেসবুক অ্যাড লাইব্রেরি দিয়ে বাজার ও প্রতিযোগী বোঝা,Using Facebook Ad Library for market and competitor research,/ideas/facebook-ad-library,Guide,Medium,Useful for social commerce categories.
Phase 1: Starting,Market Research,"দোকান, বাজার ও মহল্লা পর্যবেক্ষণের ফিল্ড নোট টেমপ্লেট","Field notes template for shops, markets and neighborhoods",/validation/field-notes-template,Template,High,For physical and commerce startups.
Phase 1: Starting,Market Research,বাংলাদেশে TAM/SAM/SOM হিসাব করার সহজ পদ্ধতি,Simple TAM/SAM/SOM sizing for Bangladesh,/ideas/tam-sam-som,Guide / Template,High,Localized market sizing.
Phase 1: Starting,Market Research,"শহরভিত্তিক লঞ্চ বাজার বাছাই: ঢাকা, চট্টগ্রাম, সিলেট, রাজশাহী, খুলনা","Choosing launch cities: Dhaka, Chattogram, Sylhet, Rajshahi, Khulna",/ideas/launch-cities,Guide,Medium,Supports city expansion planning.
Phase 1: Starting,Market Research,গ্রামীণ বনাম শহুরে গ্রাহকের গ্রহণযোগ্যতার পার্থক্য,Rural vs urban customer adoption differences,/ideas/rural-vs-urban,Guide,Medium,Use BBS and field interviews.
Phase 1: Starting,Market Research,বাংলাদেশি গ্রাহক পারসোনা কীভাবে বানাবেন,How to build Bangladeshi consumer personas,/validation/consumer-personas,Template,Medium,Bangla-first customer segmentation.
Phase 1: Starting,Business Structure,একক মালিকানা দিয়ে শুরু করবেন কি না,Should you start as a sole proprietorship?,/registration/sole-proprietorship,Guide,High,Trade license and tax path.
Phase 1: Starting,Business Structure,পার্টনারশিপ ডিডে কী কী থাকবে,Partnership deed essentials,/registration/partnership-deed,Checklist,Medium,For non-company teams.
Phase 1: Starting,Business Structure,"প্রাইভেট লিমিটেড, OPC নাকি একক মালিকানা: সিদ্ধান্ত নেওয়ার গাইড","Private limited, OPC or sole proprietorship decision tree",/registration/structure-decision-tree,Guide / Comparison,High,"Source lead: RJSC, Invest Bangladesh."
Phase 1: Starting,Business Structure,বিদেশি মালিকানাধীন কোম্পানি শুরু করার বেসিক,Basics of starting a foreign-owned company in Bangladesh,/registration/foreign-owned-company,Guide,High,Source lead: Invest Bangladesh foreign investment resources.
Phase 1: Starting,Business Structure,"ব্রাঞ্চ, লিয়াজোঁ ও রিপ্রেজেন্টেটিভ অফিসের পার্থক্য","Branch, liaison and representative office differences",/registration/branch-liaison-office,Guide,Medium,For foreign/diaspora founders.
Phase 1: Starting,Business Structure,"শেয়ার ক্যাপিটাল, পরিচালক ও শেয়ারহোল্ডার বেসিক","Share capital, directors and shareholders basics",/registration/shares-and-directors,Guide,High,RJSC-facing explainer.
Phase 1: Starting,Company Registration,কোম্পানি নিবন্ধনের পর প্রথম ১০টি কাজ,First 10 things after company registration,/registration/after-registration,Checklist,High,"Bank, TIN, VAT, accounting, compliance."
Phase 1: Starting,Company Registration,RJSC বার্ষিক রিটার্ন ও ফাইলিং ক্যালেন্ডার,RJSC annual returns and filing calendar,/registration/annual-returns,Tracker,High,Source lead: RJSC.
Phase 1: Starting,Company Registration,ইনভেস্ট বাংলাদেশ OSS ও BanglaBiz starter resources কীভাবে ব্যবহার করবেন,How to use Invest Bangladesh OSS and BanglaBiz starter resources,/registration/bida-banglabiz,Guide,High,Source lead: Invest Bangladesh OSS.
Phase 1: Starting,Company Registration,"CA, আইনজীবী ও কোম্পানি সেক্রেটারি বাছাইয়ের গাইড","How to choose a CA, lawyer and company secretary",/registration/ca-lawyer-secretary,Guide,Medium,Credibility and cost control.
Phase 1: Starting,Company Registration,কোম্পানি বন্ধ করার আগে কী কী ভাববেন,What to consider before closing a company,/registration/before-closing,Guide / Checklist,Medium,Rare but important lifecycle topic.
Phase 1: Starting,Local Licenses & Tax,সিটি কর্পোরেশনভেদে ট্রেড লাইসেন্স ক্যাটেগরি বাছাই,Choosing the right trade license category by city corporation,/licenses/trade-license-category,Guide,High,Source lead: city corporation pages.
Phase 1: Starting,Local Licenses & Tax,কারখানা লাইসেন্স ও DIFE কমপ্লায়েন্স বেসিক,Factory license and DIFE compliance basics,/licenses/factory-license,Guide / Checklist,High,For physical/manufacturing startups.
Phase 1: Starting,Local Licenses & Tax,ফায়ার লাইসেন্স ও নিরাপত্তা ছাড়পত্র বেসিক,Fire license and safety clearance basics,/licenses/fire-license,Guide / Checklist,High,"For offices, warehouses and factories."
Phase 1: Starting,Local Licenses & Tax,পরিবেশ ছাড়পত্র: কোন ব্যবসার জন্য দরকার,Environmental clearance: which businesses need it?,/licenses/environmental-clearance,Guide,High,Source lead: Department of Environment.
Phase 1: Starting,Local Licenses & Tax,BSTI সার্টিফিকেশন কখন লাগবে,When BSTI certification is required,/licenses/bsti,Guide,Medium,For product and manufacturing businesses.
Phase 1: Starting,Local Licenses & Tax,খাদ্য ব্যবসা করলে BFSA ও নিরাপদ খাদ্য চেকলিস্ট,BFSA and food safety checklist for food businesses,/licenses/food-safety,Checklist,High,"For food, grocery and agro-processing."
Phase 1: Starting,Local Licenses & Tax,"ওষুধ, সাপ্লিমেন্ট বা স্বাস্থ্যপণ্য হলে DGDA পথচিত্র","DGDA pathway for medicine, supplements and health products",/licenses/dgda,Guide,High,For health commerce and products.
Phase 1: Starting,Local Licenses & Tax,"SMS, টেলিকম বা ISP পণ্যে BTRC প্রশ্নগুলো","BTRC questions for SMS, telecom and ISP products",/licenses/btrc,Guide,Medium,"For OTP, telco and connectivity products."
Phase 1: Starting,Local Licenses & Tax,কুরিয়ার বা লজিস্টিকস ব্যবসার লাইসেন্সিং প্রশ্ন,Licensing questions for courier or logistics businesses,/licenses/courier-logistics,Guide,Medium,For logistics startups.
Phase 1: Starting,Local Licenses & Tax,রাইড-শেয়ারিং বা পরিবহন পণ্যের নিয়ন্ত্রক চেকলিস্ট,Regulatory checklist for ride-sharing or transport products,/licenses/ride-sharing,Checklist,Medium,For mobility startups.
Phase 1: Starting,Local Licenses & Tax,ট্রাভেল এজেন্সি বা tour operator ব্যবসা শুরুর চেকলিস্ট,Checklist for starting a travel agency or tour operator,/licenses/travel-agency,Checklist,Medium,For travel startups.
Phase 1: Starting,Local Licenses & Tax,"কারখানার ইউটিলিটি সেটআপ: বিদ্যুৎ, গ্যাস, পানি, বয়লার","Factory utility setup: electricity, gas, water and boiler",/licenses/factory-utilities,Guide,Medium,For manufacturing and processing businesses.
Phase 1: Starting,Local Licenses & Tax,"কর ক্যালেন্ডার: আয়কর, VAT, TDS, VDS ও বার্ষিক রিটার্ন","Tax calendar: income tax, VAT, TDS, VDS and annual returns",/tax/tax-calendar,Tracker,High,Source lead: NBR.
Phase 1: Starting,Local Licenses & Tax,ব্যক্তিগত e-TIN বনাম কোম্পানি TIN,Personal e-TIN vs company TIN,/tax/personal-vs-company-tin,Guide,High,Source lead: NBR e-TIN.
Phase 1: Starting,Local Licenses & Tax,BIN/VAT নিবন্ধনের পর মাসিক রিটার্নের কাজের ধাপ,Monthly return workflow after BIN/VAT registration,/tax/monthly-vat-return,Guide,High,Source lead: VAT Online.
Phase 1: Starting,Local Licenses & Tax,মূসক ৬.৩ চালান ও VAT ডকুমেন্টেশন বেসিক,Mushak 6.3 invoice and VAT documentation basics,/tax/mushak-63,Guide,High,Source lead: NBR VAT guides.
Phase 1: Starting,Local Licenses & Tax,ভেন্ডর পেমেন্টের সময় TDS/VDS কী কাটবেন,TDS/VDS on vendor payments,/tax/tds-vds,Guide,High,Needs CA review.
Phase 1: Starting,Local Licenses & Tax,পে-রোল ট্যাক্স ও কর্মী ডকুমেন্টেশন,Payroll tax and employee documentation,/tax/payroll-tax,Guide,Medium,For first hires.
Phase 1: Starting,Local Licenses & Tax,"অডিট, হিসাব ও বুককিপিং সেটআপ","Audit, accounts and bookkeeping setup",/tax/bookkeeping-setup,Guide / Checklist,High,For registered companies.
Phase 1: Starting,Local Licenses & Tax,a-Chalan ও অনলাইন কর পেমেন্টের কাজের ধাপ,a-Chalan and online tax payment workflow,/tax/a-chalan,Guide,Medium,Source lead: NBR / a-Chalan.
Phase 1: Starting,Local Licenses & Tax,প্রতি জুনে বাজেট চেঞ্জলগ কীভাবে আপডেট করবেন,How to update the budget changelog every June,/tax/budget-changelog,Process,High,Keep compliance content fresh.
Phase 1: Starting,Banking & Payments Setup,মার্চেন্ট অ্যাকাউন্ট খুলতে কী কী লাগে,What you need to open a merchant account,/payments/merchant-account,Checklist,High,Bank and payment gateway docs.
Phase 1: Starting,Banking & Payments Setup,"পেমেন্ট গেটওয়ে তুলনা: SSLCOMMERZ, aamarPay, PortPos ও ShurjoPay","Payment gateway comparison: SSLCOMMERZ, aamarPay, PortPos and ShurjoPay",/payments/gateway-comparison,Comparison,High,"Gateway selection framework. PortWallet rebranded to PortPos; keep rates dated."
Phase 1: Starting,Banking & Payments Setup,"বিকাশ ব্যক্তিগত বনাম মার্চেন্ট অ্যাকাউন্ট: দেয়ালটা কোথায়",bKash personal vs merchant account: where the wall is,/payments/bkash-merchant,Guide,High,Keep brand name intact.
Phase 1: Starting,Banking & Payments Setup,নগদ ও রকেট মার্চেন্ট সেটআপ চেকলিস্ট,Nagad and Rocket merchant setup checklist,/payments/nagad-rocket-merchant,Checklist,Medium,Wallet acceptance path.
Phase 1: Starting,Banking & Payments Setup,"পেমেন্ট মিলানো: গেটওয়ে, ওয়ালেট, ব্যাংক ও COD","Payment reconciliation across gateway, wallet, bank and COD",/payments/reconciliation,Guide / Template,High,Ops-critical topic.
Phase 1: Starting,Banking & Payments Setup,"রিফান্ড, চার্জব্যাক ও বিরোধ সামলানো","Refunds, chargebacks and dispute handling",/payments/refunds-chargebacks,Guide,High,Trust and finance ops.
Phase 1: Starting,Banking & Payments Setup,সাবস্ক্রিপশন পেমেন্ট: টাকা কি নিজে থেকেই কাটবে?,Subscription payments: will the money pull itself?,/payments/subscription-payments,Guide,High,"Cards, wallets, invoices and manual renewal."
Phase 1: Starting,Banking & Payments Setup,"আন্তর্জাতিক পেমেন্ট, কার্ড ও পেমেন্ট লিংকের সীমাবদ্ধতা","International payment, card and payment-link constraints",/payments/international-payments,Guide,Medium,Source lead: Bangladesh Bank / gateways.
Phase 1: Starting,Banking & Payments Setup,COD নগদ টাকা মিলানোর টেমপ্লেট,COD cash reconciliation template,/payments/cod-reconciliation,Template,High,For commerce operators.
Phase 1: Starting,Banking & Payments Setup,পেমেন্ট জালিয়াতির ঝুঁকি চেকলিস্ট,Payment fraud risk checklist,/payments/fraud-risk-checklist,Checklist,Medium,For online sellers.
Phase 1: Starting,Import / Export / IP,HS code কীভাবে খুঁজবেন,How to find the right HS code,/trade/hs-codes,Guide,High,Source lead: Bangladesh Customs / Trade Portal.
Phase 1: Starting,Import / Export / IP,IRC/ERC করার ধাপে ধাপে গাইড,Step-by-step guide to IRC/ERC,/trade/irc-erc-steps,Guide,High,Source lead: CCIE.
Phase 1: Starting,Import / Export / IP,"LC, LCAF ও ব্যাংক ডকুমেন্টেশন বেসিক","LC, LCAF and bank documentation basics",/trade/lc-basics,Guide,High,For importers.
Phase 1: Starting,Import / Export / IP,"ল্যান্ডেড কস্ট ক্যালকুলেটর: শুল্ক, VAT, পরিবহন ও ক্লিয়ারিং","Landed cost calculator: duty, VAT, freight and clearing",/tools/landed-cost-calculator,Calculator,High,For import product decisions.
Phase 1: Starting,Import / Export / IP,C&F এজেন্ট বাছাইয়ের চেকলিস্ট,C&F agent selection checklist,/trade/cnf-agents,Checklist,High,Practical import/export ops.
Phase 1: Starting,Import / Export / IP,"ফ্রেইট ফরওয়ার্ডার বাছাই: আকাশপথ, সমুদ্রপথ, কুরিয়ার","Choosing a freight forwarder: air, sea and courier",/trade/freight-forwarders,Guide,Medium,Physical goods path.
Phase 1: Starting,Import / Export / IP,Incoterms সহজ বাংলায়,Incoterms in plain Bangla,/trade/incoterms,Guide,Medium,Import/export education.
Phase 1: Starting,Import / Export / IP,"প্রোফর্মা ইনভয়েস, কমার্শিয়াল ইনভয়েস ও প্যাকিং লিস্ট","Proforma invoice, commercial invoice and packing list",/trade/trade-documents,Guide / Template,High,Document templates.
Phase 1: Starting,Import / Export / IP,উৎপত্তি সনদ কখন দরকার,When a certificate of origin is needed,/trade/certificate-of-origin,Guide,Medium,Export/trade process.
Phase 1: Starting,Import / Export / IP,রপ্তানি আয় দেশে আনার বেসিক,Export proceeds repatriation basics,/trade/export-proceeds,Guide,High,Source lead: Bangladesh Bank foreign exchange rules.
Phase 1: Starting,Import / Export / IP,EPB নিবন্ধন ও রপ্তানি প্রণোদনার পথ,EPB registration and export incentive path,/trade/epb-registration,Guide,Medium,Source lead: EPB.
Phase 1: Starting,Import / Export / IP,বন্ডেড ওয়্যারহাউস কী এবং কাদের জন্য,What bonded warehouses are and who should use them,/trade/bonded-warehouses,Guide,Medium,For export manufacturing.
Phase 1: Starting,Import / Export / IP,BEPZA ও ইনভেস্ট বাংলাদেশের ইকোনমিক জোন: রপ্তানিমুখী উৎপাদনের জন্য কখন ভাববেন,When to consider BEPZA and Invest Bangladesh economic zones for export manufacturing,/trade/bepza-beza,Guide,Medium,Source lead: BEPZA / Invest Bangladesh.
Phase 1: Starting,Import / Export / IP,পণ্যের লেবেলিং ও প্যাকেজিং কমপ্লায়েন্স,Product labeling and packaging compliance,/licenses/product-labeling,Checklist,High,For consumer goods.
Phase 1: Starting,Import / Export / IP,স্যাম্পল আমদানি ও প্রোটোটাইপ শিপমেন্ট,Sample imports and prototype shipments,/trade/sample-imports,Guide,Medium,Early physical product testing.
Phase 1: Starting,Import / Export / IP,বিদেশি সাপ্লায়ার যাচাইয়ের চেকলিস্ট,Foreign supplier verification checklist,/trade/supplier-verification,Checklist,High,Alibaba and sourcing risk.
Phase 1: Starting,Import / Export / IP,Alibaba থেকে আমদানি করলে ঝুঁকি কমানোর উপায়,Reducing risk when importing from Alibaba,/trade/alibaba-imports,Guide,Medium,Practical sourcing content.
Phase 1: Starting,Import / Export / IP,শিপমেন্টের আগে গুণমান পরীক্ষা চেকলিস্ট,Pre-shipment quality inspection checklist,/trade/pre-shipment-inspection,Checklist,High,For product quality.
Phase 1: Starting,Import / Export / IP,কাস্টমস ক্লিয়ারেন্স দেরি হলে কী করবেন,What to do when customs clearance is delayed,/trade/customs-delays,Guide,Medium,Import ops troubleshooting.
Phase 1: Starting,Import / Export / IP,ট্রেডমার্ক খোঁজা ও ফাইলিং গাইড,Trademark search and filing guide,/ip/trademark-filing,Guide,High,Source lead: DPDT.
Phase 1: Starting,Import / Export / IP,ব্র্যান্ড নাম নেওয়ার আগে ট্রেডমার্ক সংঘাত পরীক্ষা,Trademark conflict check before choosing a brand name,/ip/trademark-conflict-check,Checklist,High,Avoid future rebrand.
Phase 1: Starting,Import / Export / IP,"সফটওয়্যার, কোর্স ও কনটেন্টের কপিরাইট বেসিক","Copyright basics for software, courses and content",/ip/copyright,Guide,Medium,Source lead: Copyright Office.
Phase 1: Starting,Import / Export / IP,ফ্রিল্যান্সার দিয়ে বানালে মেধাস্বত্ব হস্তান্তর কীভাবে নেবেন,How to get IP assignment from freelancers,/ip/freelancer-ip-assignment,Checklist,High,Contract hygiene.
Phase 1: Starting,Import / Export / IP,"পেটেন্ট, ডিজাইন ও GI: কোনটা আপনার জন্য প্রাসঙ্গিক","Patent, design and GI: which one matters for you?",/ip/patent-design-gi,Guide,Medium,Source lead: DPDT.
Phase 2: Building,Founding & Team,সহ-প্রতিষ্ঠাতা খুঁজে বের করার উপায়,How to find co-founders,/cofounders/finding-cofounders,Guide / Template,High,
Phase 2: Building,Founding & Team,"সহ-প্রতিষ্ঠাতাদের সাথে কোথায় দেখা করবেন: অনুষ্ঠান, কমিউনিটি, বিশ্ববিদ্যালয়","Where to meet co-founders: events, communities, universities",/cofounders/where-to-meet,Guide / Template,High,
Phase 2: Building,Founding & Team,সহ-প্রতিষ্ঠাতা চুক্তি কীভাবে গঠন করবেন,How to structure co-founder agreements,/cofounders/agreement-structure,Guide / Template,High,
Phase 2: Building,Founding & Team,ইকুইটি বিভাজন আলোচনা নির্দেশিকা,Equity split discussion guide,/cofounders/equity-split,Guide / Template,High,
Phase 2: Building,Founding & Team,ভেস্টিংয়ের প্রাথমিক বিষয়গুলো সহজ বাংলায় অনুবাদ করা হয়েছে,Vesting basics translated into plain Bangla,/cofounders/vesting,Guide / Template,High,
Phase 2: Building,Founding & Team,অনানুষ্ঠানিক সহ-প্রতিষ্ঠাতা হিসেবে পরিবারের সম্পৃক্ততা,Family involvement as informal co-founders,/cofounders/family-cofounders,Guide / Template,High,
Phase 2: Building,Hiring,প্রথম কর্মী কীভাবে নিয়োগ করবেন,Hiring first employees,/team/first-hires,Guide / Template,High,
Phase 2: Building,Hiring,প্রথম কর্মী বনাম ফ্রিল্যান্সার বনাম ইন্টার্ন নিয়োগ,Hiring first employee vs freelancer vs intern,/team/employee-vs-freelancer,Guide / Template,High,
Phase 2: Building,Hiring,ইন্টার্ন এবং ছাত্র প্রতিভা,Interns and student talent,/team/interns,Guide / Template,High,
Phase 2: Building,Hiring,রিমোট টিমের কাজের নিয়ম,Remote team norms,/team/remote-team-norms,Guide / Template,High,
Phase 2: Building,Hiring,কম খরচে শুরু করতে রিমোট কর্মী নিয়োগ বা কাজ আউটসোর্স করা,Remote/outsourced hiring as a bootstrapping tactic,/team/remote-outsourced-hiring,Guide / Template,High,
Phase 2: Building,Hiring,শ্রম আইনের প্রাথমিক ধারণা: বাংলাদেশ শ্রম আইন ২০০৬,Labor law basics: Bangladesh Labour Act 2006,/team/labor-law,Guide / Template,High,
Phase 2: Building,Hiring,কর্মসংস্থান চুক্তি,Employment contracts,/team/employment-contracts,Guide / Template,High,
Phase 2: Building,Hiring,"ইপিএফ, গ্র্যাচুইটি ও অন্যান্য কর্মী সুবিধা","EPF, gratuity, and benefits basics",/team/benefits-gratuity,Guide / Template,High,
Phase 2: Building,Hiring,বেতনের মানদণ্ড গবেষণা পরিকল্পনা,Salary benchmarks research plan,/team/salary-benchmarks,Guide / Template,High,
Phase 2: Building,Hiring,"প্রতিভা কোথায় খুঁজে পাবেন: লিঙ্কডইন, ফেসবুক গ্রুপ, চাকরি.কম, বিডিজবস.কম, বিশ্ববিদ্যালয়ের ক্যারিয়ার অফিস","Where to find talent: LinkedIn, Facebook groups, Chakri.com, Bdjobs.com, university career offices",/team/find-talent,Guide / Template,High,
Phase 2: Building,Hiring,বাংলাদেশি স্টার্টআপগুলোতে সাংস্কৃতিক ভুল,Culture mistakes in Bangladeshi startups,/team/culture-mistakes,Guide / Template,High,
Phase 2: Building,Hiring,প্রতিভা ধরে রাখা এবং মেধা পাচার,Talent retention and brain drain,/team/retention,Guide / Template,High,
Phase 2: Building,Hiring,নিয়োগ স্কোরকার্ড,Hiring scorecard,/team/hiring-scorecard,Guide / Template,High,
Phase 2: Building,Product,বাংলাদেশে আপনার পণ্য তৈরি করা,Building your product in Bangladesh,/product/building-basics,Guide,Medium,
Phase 2: Building,Product,বাংলাদেশে ডেভেলপার খোঁজা,Finding developers in Bangladesh,/team/finding-developers,Guide,Medium,
Phase 2: Building,Product,ফ্রিল্যান্সার ইকোসিস্টেম এবং স্থানীয় বনাম অফশোর উন্নয়ন,Freelancer ecosystem and local vs offshore development,/team/freelancers-vs-offshore,Guide,Medium,
Phase 2: Building,Product,"টেক স্ট্যাক বিবেচ্য বিষয়: মোবাইল-ফার্স্ট, লো-ব্যান্ডউইথ অপ্টিমাইজেশন","Tech stack considerations: mobile-first, low-bandwidth optimization",/product/tech-stack,Guide,Medium,
Phase 2: Building,Product,বাংলা ইউএক্স এবং মোবাইল-ফার্স্ট পণ্য,Bangla UX and mobile-first products,/product/bangla-ux,Guide,Medium,
Phase 2: Building,Product,গ্রাহকের ডেটার জন্য ডেটা গোপনীয়তা/সুরক্ষার বাধ্যবাধকতা,Data privacy/protection obligations for customer data,/product/data-privacy,Guide,Medium,
Phase 2: Building,Product,তথ্য ও যোগাযোগ প্রযুক্তি আইন এবং উদীয়মান প্রবিধানের সংক্ষিপ্ত বিবরণ,ICT Act and emerging regulations overview,/product/ict-act,Guide,Medium,
Phase 2: Building,Product,"মেধাস্বত্ব হস্তান্তর, গোপনীয়তা চুক্তি, অপ্রতিযোগিতা চুক্তির প্রয়োগযোগ্যতার মৌলিক বিষয়সমূহ","IP assignment, NDA, non-compete enforceability basics",/team/nda-non-compete,Guide,Medium,
Phase 2: Building,Founding & Team,প্রতিষ্ঠাতা ভূমিকা ম্যাট্রিক্স: কে কী করবে,Founder role matrix: who does what,/cofounders/role-matrix,Template,High,Avoid vague co-founder roles.
Phase 2: Building,Founding & Team,সহ-প্রতিষ্ঠাতা আলাদা হলে কীভাবে সামলাবেন,How to handle a co-founder breakup,/cofounders/breakup,Guide / Script,High,Very common risk.
Phase 2: Building,Founding & Team,উপদেষ্টা চুক্তি ও মেন্টর ইকুইটি বেসিক,Advisor agreements and mentor equity basics,/cofounders/advisor-equity,Guide,Medium,Plain-language equity guidance.
Phase 2: Building,Founding & Team,ESOP বা কর্মী শেয়ার পরিকল্পনা বেসিক,ESOP or employee share plan basics,/cofounders/esop,Guide,Medium,Growth-stage topic.
Phase 2: Building,Founding & Team,পরিবারের টাকা নিলে লিখিত শর্ত কী হবে,Written terms when taking family money,/cofounders/family-money-terms,Template,High,Bangladesh-specific reality.
Phase 2: Building,Founding & Team,ফ্রিল্যান্সার চুক্তি ও মেধাস্বত্ব মালিকানা চেকলিস্ট,Freelancer contract and IP ownership checklist,/team/freelancer-contracts,Checklist,High,Avoid ownership disputes.
Phase 2: Building,Hiring,প্রথম ইন্টার্নশিপ প্রোগ্রাম কীভাবে চালাবেন,How to run your first internship program,/team/internship-program,Guide,Medium,Student talent path.
Phase 2: Building,Hiring,"অফার লেটার, probation ও joining চেকলিস্ট","Offer letter, probation and joining checklist",/team/offer-letter,Template,High,First-hire basics.
Phase 2: Building,Hiring,ছুটি নীতি ও অফিস নিয়মের টেমপ্লেট,Leave policy and office rules template,/team/leave-policy,Template,Medium,Small team HR hygiene.
Phase 2: Building,Hiring,"চাকরি শেষ করা, নোটিশ পিরিয়ড ও গ্র্যাচুইটি বেসিক","Termination, notice period and gratuity basics",/team/termination,Guide,High,Needs labor-law review.
Phase 2: Building,Hiring,"পে-রোল প্রক্রিয়া: বেতন শিট, ব্যাংক ট্রান্সফার ও কর","Payroll process: salary sheet, bank transfer and tax",/team/payroll,Guide / Template,Medium,Ops foundation.
Phase 2: Building,Hiring,বাংলায় চাকরির পোস্ট কীভাবে লিখবেন,How to write job posts in Bangla,/team/bangla-job-posts,Template,Medium,Improves candidate quality.
Phase 2: Building,Product,লো-এন্ড অ্যান্ড্রয়েড ফোনের জন্য পণ্য অপটিমাইজ করা,Optimizing products for low-end Android phones,/product/low-end-android,Guide,High,Bangladesh mobile-first reality.
Phase 2: Building,Product,"বাংলা UX লেখা: শব্দ, টোন ও ফ্লো","Bangla UX writing: words, tone and flow",/product/bangla-ux-writing,Guide,High,Bangla-first product support.
Phase 2: Building,Product,SMS OTP খরচ ও বিকল্প লগইন ফ্লো,SMS OTP costs and alternative login flows,/product/sms-otp-login,Guide,Medium,Local cost and reliability issue.
Phase 2: Building,Product,গ্রাহকের ডেটা সম্মতি ও গোপনীয়তা নোটিশ টেমপ্লেট,Customer data consent and privacy notice template,/product/privacy-notice-template,Template,High,Data protection hygiene.
Phase 2: Building,Product,ছোট স্টার্টআপের সাইবার নিরাপত্তা বেসিক,Cybersecurity basics for small startups,/product/cybersecurity,Guide,Medium,"Passwords, access, backups, payments."
Phase 2: Building,Product,নো-কোড MVP বানানো: কখন যথেষ্ট,Building a no-code MVP: when it is enough,/product/no-code-mvp,Guide,Medium,Bootstrapping path.
Phase 2: Building,Physical Product,প্রোটোটাইপ থেকে প্রথম ব্যাচ,From prototype to first batch,/manufacturing/first-batch,Guide,High,Physical-product startup path.
Phase 2: Building,Physical Product,BOM ও খরচের শিট বানানো,Building a BOM and costing sheet,/manufacturing/bom-costing,Template,High,Manufacturing finance.
Phase 2: Building,Physical Product,লোকাল সাপ্লায়ার খোঁজার চেকলিস্ট,Local supplier sourcing checklist,/manufacturing/supplier-sourcing,Checklist,High,"For food, apparel, hardware, packaging."
Phase 2: Building,Physical Product,প্রথম উৎপাদন ব্যাচের গুণমান নিয়ন্ত্রণ চেকলিস্ট,Quality control checklist for first production run,/manufacturing/quality-control,Checklist,High,Avoid defective launch inventory.
Phase 2: Building,Physical Product,প্যাকেজিং ও লেবেল ডিজাইন অনুমোদনের কাজের ধাপ,Packaging and label design approval workflow,/manufacturing/packaging-labels,Guide,Medium,"Brand, compliance and retail."
Phase 2: Building,Physical Product,ইনভেন্টরি ও ওয়্যারহাউস সেটআপ,Inventory and warehouse setup,/manufacturing/inventory-warehouse,Guide,High,Commerce and physical goods.
Phase 2: Building,Physical Product,কোল্ড চেইন লাগলে কীভাবে পরিকল্পনা করবেন,How to plan if cold chain is required,/manufacturing/cold-chain,Guide,Medium,"Food, pharma, health products."
Phase 2: Building,Physical Product,উৎপাদন পার্টনার যাচাইয়ের চেকলিস্ট,Manufacturing partner due diligence,/manufacturing/partner-due-diligence,Checklist,High,Supplier risk management.
Phase 3: Launching & Growing,Local Market Playbooks,বাংলাদেশে আপনার প্রথম ১০০ জন গ্রাহক কীভাবে পাবেন,How to get your first 100 customers in Bangladesh,/customers/first-100-customers,Playbook / Template,High,
Phase 3: Launching & Growing,Local Market Playbooks,ফেসবুক কমার্স প্লেবুক,Facebook commerce playbook,/customers/facebook-commerce,Playbook / Template,High,
Phase 3: Launching & Growing,Local Market Playbooks,হোয়াটসঅ্যাপ এবং মেসেঞ্জার বিক্রয় কৌশলপুস্তক,WhatsApp and Messenger sales playbook,/customers/whatsapp-messenger-sales,Playbook / Template,High,
Phase 3: Launching & Growing,Local Market Playbooks,একটি পূর্ণাঙ্গ ওয়েবসাইট তৈরির আগে ফেসবুক/হোয়াটসঅ্যাপের উপর ভিত্তি করে কাজ করা।,Building on Facebook/WhatsApp before a full website,/customers/facebook-before-website,Playbook / Template,High,
Phase 3: Launching & Growing,Local Market Playbooks,বাংলা ল্যান্ডিং পেজ কপিরাইটিং,Bangla landing page copywriting,/customers/landing-page-copy,Playbook / Template,High,
Phase 3: Launching & Growing,Local Market Playbooks,ল্যান্ডিং পেজ টেমপ্লেট,Landing page template,/customers/landing-page-template,Playbook / Template,High,
Phase 3: Launching & Growing,Local Market Playbooks,ফেসবুক বিজ্ঞাপন পরীক্ষা পরিকল্পনাকারী,Facebook ad test planner,/customers/facebook-ad-planner,Playbook / Template,High,
Phase 3: Launching & Growing,Local Market Playbooks,বাংলাদেশে ইনফ্লুয়েন্সার মার্কেটিং,Influencer marketing in Bangladesh,/customers/influencer-marketing,Playbook / Template,High,
Phase 3: Launching & Growing,Local Market Playbooks,বাংলায় এসইও,SEO in Bangla,/customers/bangla-seo,Playbook / Template,High,
Phase 3: Launching & Growing,Local Market Playbooks,অফলাইন বিপণন এবং বিতরণ,Offline marketing and distribution,/customers/offline-marketing,Playbook / Template,High,
Phase 3: Launching & Growing,Local Market Playbooks,ক্যাম্পাস অ্যাম্বাসেডর মডেল,Campus ambassador model,/customers/campus-ambassadors,Playbook / Template,High,
Phase 3: Launching & Growing,Local Market Playbooks,মার্কেটপ্লেস বনাম নিজস্ব স্টোর: Daraz/Facebook Shop বনাম নিজের সাইট,Marketplace vs owned storefront: Daraz/Facebook Shop vs your own site,/customers/marketplace-vs-own-site,Playbook / Template,High,
Phase 3: Launching & Growing,Sales & Distribution,বাংলাদেশে এসএমই বিক্রয়,SME sales in Bangladesh,/b2b/sme-sales,Playbook,High,
Phase 3: Launching & Growing,Sales & Distribution,বি২বি বিক্রয় স্ক্রিপ্ট,B2B sales scripts,/b2b/sales-scripts,Playbook,High,
Phase 3: Launching & Growing,Sales & Distribution,এসএমই বিক্রয় কল স্ক্রিপ্ট,SME sales call script,/b2b/sme-call-script,Playbook,High,
Phase 3: Launching & Growing,Sales & Distribution,কর্পোরেট অংশীদারিত্বের গতিশীলতা,Corporate partnership dynamics,/b2b/corporate-partnerships,Playbook,High,
Phase 3: Launching & Growing,Sales & Distribution,কম আস্থার বাজারে আস্থা তৈরি,Trust-building in low-trust markets,/customers/trust-building,Playbook,High,
Phase 3: Launching & Growing,Sales & Distribution,ঢাকার বাইরে বিক্রি করা,Selling outside Dhaka,/growth/selling-outside-dhaka,Playbook,High,
Phase 3: Launching & Growing,Sales & Distribution,ঢাকার বাইরে বিতরণ,Distribution outside Dhaka,/growth/distribution-outside-dhaka,Playbook,High,
Phase 3: Launching & Growing,Sales & Distribution,ঢাকা বনাম চট্টগ্রাম বনাম দ্বিতীয় স্তরের শহরের পার্থক্য,Dhaka vs Chattogram vs tier-2 city differences,/growth/city-differences,Playbook,High,
Phase 3: Launching & Growing,Sales & Distribution,অফলাইন থেকে অনলাইন আচরণ,Offline-to-online behavior,/customers/offline-to-online,Playbook,High,
Phase 3: Launching & Growing,Sales & Distribution,এসএমই ডিজিটাইজেশনের বাধা,SME digitization barriers,/b2b/sme-digitization,Playbook,High,
Phase 3: Launching & Growing,Logistics & Commerce,"ক্যাশ অন ডেলিভারির ঝুঁকি: কত ফেরত পর্যন্ত পোষায়","Cash on delivery risk: how many returns you can absorb",/operations/cod-risk,Guide / Checklist,High,
Phase 3: Launching & Growing,Logistics & Commerce,ক্যাশ-অন-ডেলিভারি ঝুঁকি চেকলিস্ট,Cash-on-delivery risk checklist,/operations/cod-risk-checklist,Guide / Checklist,High,
Phase 3: Launching & Growing,Logistics & Commerce,কুরিয়ার/লজিস্টিক বিকল্পগুলি,Courier/logistics options,/operations/courier-options,Guide / Checklist,High,
Phase 3: Launching & Growing,Logistics & Commerce,"পাঠাও, স্টেডফাস্ট, রেডএক্স ও পেপারফ্লাইয়ের মতো কুরিয়ার সেবার সঙ্গে কাজ করা","Working with Pathao, Steadfast, REDX, Paperfly and similar providers",/operations/courier-partners,Guide / Checklist,High,
Phase 3: Launching & Growing,Logistics & Commerce,শেষ ধাপের ডেলিভারির সীমাবদ্ধতা,Last-mile delivery constraints,/operations/last-mile-delivery,Guide / Checklist,High,
Phase 3: Launching & Growing,Logistics & Commerce,ডিজিটাল কমার্স নীতিমালা এবং একটি অনলাইন শপের জন্য এতে কী কী প্রয়োজন,Digital Commerce Policy and what it requires of an online shop,/customers/digital-commerce-policy,Guide / Checklist,High,
Phase 3: Launching & Growing,Logistics & Commerce,মূল্য সংবেদনশীলতা এবং অর্থ প্রদানের ইচ্ছা,Price sensitivity and willingness to pay,/customers/willingness-to-pay,Guide / Checklist,High,
Phase 3: Launching & Growing,Logistics & Commerce,বাংলাদেশের জন্য কিস্তি সংস্কৃতি এবং মূল্য নির্ধারণ কৌশল,Installment culture and pricing strategy for Bangladesh,/customers/installment-pricing,Guide / Checklist,High,
Phase 3: Launching & Growing,Metrics & Operations,স্টার্টআপ মেট্রিক্স ১০১,Startup metrics 101,/metrics/metrics-101,Guide / Calculator,High,
Phase 3: Launching & Growing,Metrics & Operations,"CAC, LTV, রিটেনশন, চার্ন, পেব্যাক","CAC, LTV, retention, churn, payback",/metrics/cac-ltv-churn,Guide / Calculator,High,
Phase 3: Launching & Growing,Metrics & Operations,মার্কেটপ্লেস মেট্রিক্স,Marketplace metrics,/metrics/marketplace,Guide / Calculator,High,"Focuses on GMV, take rates, and liquidity. Tip: Essential for startups connecting buyers and sellers in the local market."
Phase 3: Launching & Growing,Metrics & Operations,ই-কমার্স মেট্রিক্স,E-commerce metrics,/metrics/e-commerce,Guide / Calculator,High,"Focuses on CAC, AOV, LTV, and conversion rates. Tip: Use to track profitability and marketing efficiency."
Phase 3: Launching & Growing,Metrics & Operations,SaaS মেট্রিক্স,SaaS metrics,/metrics/saas,Guide / Calculator,High,
Phase 3: Launching & Growing,Metrics & Operations,ইউনিট অর্থনীতি টেমপ্লেট,Unit economics template,/metrics/unit-economics,Guide / Calculator,High,
Phase 3: Launching & Growing,Metrics & Operations,মাসিক ফাউন্ডার ড্যাশবোর্ড,Monthly founder dashboard,/metrics/founder-dashboard,Guide / Calculator,High,
Phase 3: Launching & Growing,Metrics & Operations,একজন হিসাবরক্ষক নন এমন প্রতিষ্ঠাতার জন্য প্রয়োজনীয় প্রাথমিক হিসাবরক্ষণ/অ্যাকাউন্টিং।,Basic bookkeeping/accounting a non-accountant founder needs,/tax/bookkeeping-basics,Guide / Calculator,High,
Phase 3: Launching & Growing,Metrics & Operations,ভ্যাট ক্যালকুলেটর,VAT calculator,/tools/vat-calculator,Guide / Calculator,High,
Phase 3: Launching & Growing,Metrics & Operations,ব্রেক-ইভেন ক্যালকুলেটর,Break-even calculator,/tools/break-even-calculator,Guide / Calculator,High,
Phase 3: Launching & Growing,Metrics & Operations,বেতন/পিএফ ক্যালকুলেটর,Salary/PF calculator,/tools/salary-pf-calculator,Guide / Calculator,High,
Phase 3: Launching & Growing,Metrics & Operations,রানওয়ে ক্যালকুলেটর,Runway calculator,/tools/runway-calculator,Guide / Calculator,High,"Glossary terms runway and burn-rate have no written guide; set their `guide` in data/glossary.json when this lands."
Phase 3: Launching & Growing,Metrics & Operations,বাংলাদেশি স্টার্টআপগুলোর জন্য সহজলভ্য এবং সাশ্রয়ী সরঞ্জাম,Tools accessible and affordable for Bangladeshi startups,/tools/affordable-tools,Guide / Calculator,High,
Phase 3: Launching & Growing,Funding,বাংলাদেশে বুটস্ট্র্যাপিং,Bootstrapping in Bangladesh,/funding/bootstrapping,Guide / Template,High,"Glossary term bootstrapping has no written guide; set its `guide` in data/glossary.json when this lands."
Phase 3: Launching & Growing,Funding,বন্ধু এবং পরিবারের তহবিল,Friends and family funding,/funding/friends-family,Guide / Template,High,
Phase 3: Launching & Growing,Funding,অ্যাঞ্জেল বিনিয়োগকারীরা,Angel investors,/funding/angel-investors,Guide / Template,High,
Phase 3: Launching & Growing,Funding,বাংলাদেশ অ্যাঞ্জেলস নেটওয়ার্ক,Bangladesh Angels Network,/funding/bangladesh-angels,Guide / Template,High,
Phase 3: Launching & Growing,Funding,স্টার্টআপ বাংলাদেশ,Startup Bangladesh,/funding/startup-bangladesh,Guide / Template,High,
Phase 3: Launching & Growing,Funding,স্থানীয় ভিসি ল্যান্ডস্কেপ,Local VC landscape,/funding/local-vcs,Guide / Template,High,
Phase 3: Launching & Growing,Funding,আন্তর্জাতিক বিনিয়োগকারীরা,International investors,/funding/international-investors,Guide / Template,High,
Phase 3: Launching & Growing,Funding,বৈদেশিক বিনিয়োগ/এফডিআই নিয়মাবলী এবং প্রবাসীদের অর্থায়ন,Foreign investment/FDI rules and diaspora funding,/funding/fdi-rules,Guide / Template,High,
Phase 3: Launching & Growing,Funding,বাংলাদেশে ক্রাউডফান্ডিংয়ের বৈধতা,Crowdfunding legality in Bangladesh,/funding/crowdfunding,Guide / Template,High,
Phase 3: Launching & Growing,Funding,অনুদান এবং প্রতিযোগিতা,Grants and competitions,/funding/grants-competitions,Guide / Template,High,
Phase 3: Launching & Growing,Funding,বাংলাদেশ ব্যাংক স্টার্টআপ তহবিল,Bangladesh Bank startup fund,/funding/bb-startup-fund,Guide / Template,High,
Phase 3: Launching & Growing,Funding,আইডিয়া প্রকল্প এবং বঙ্গবন্ধু উদ্ভাবন অনুদান,iDEA Project and Bangabandhu Innovation Grant,/funding/idea-and-big,Guide / Template,High,
Phase 3: Launching & Growing,Funding,পিচ ডেক টেমপ্লেট,Pitch deck template,/funding/pitch-deck,Guide / Template,High,
Phase 3: Launching & Growing,Funding,তহবিল সংগ্রহের ডেটা রুমের চেকলিস্ট,Fundraising data room checklist,/funding/data-room,Guide / Template,High,
Phase 3: Launching & Growing,Funding,বিনিয়োগকারী সিআরএম,Investor CRM,/funding/investor-crm,Guide / Template,High,
Phase 3: Launching & Growing,Funding,মূল্যায়নের মূল বিষয়গুলি,Valuation basics,/funding/valuation,Guide / Template,High,
Phase 3: Launching & Growing,Funding,সহজ বাংলায় টার্ম শিটের মূল বিষয়াবলী,Term sheet basics in plain Bangla,/funding/term-sheets,Guide / Template,High,
Phase 3: Launching & Growing,Funding,সহজ বাংলায় cap table-এর বেসিক,Cap table basics in plain Bangla,/funding/cap-table,Guide / Template,High,
Phase 3: Launching & Growing,Funding,প্রথম বিনিয়োগকারী বোর্ডের আসন এবং নিয়ন্ত্রণ হারানোর বিষয়টি মোকাবেলা করা,Dealing with first investor board seat and loss of control,/funding/first-board-seat,Guide / Template,High,
Phase 3: Launching & Growing,Funding,মাসিক বিনিয়োগকারী আপডেট টেমপ্লেট,Monthly investor update template,/funding/investor-updates,Guide / Template,High,
Phase 3: Launching & Growing,Scaling,ঢাকার বাইরে সম্প্রসারণ,Expanding beyond Dhaka,/growth/beyond-dhaka,Guide,Medium,
Phase 3: Launching & Growing,Scaling,গ্রামীণ বাজারের বিবেচনা,Rural market considerations,/growth/rural-markets,Guide,Medium,
Phase 3: Launching & Growing,Scaling,দক্ষিণ এশিয়ায় আঞ্চলিক হয়ে ওঠা,Going regional in South Asia,/growth/south-asia-expansion,Guide,Medium,
Phase 3: Launching & Growing,Scaling,আন্তঃসীমান্ত নিয়ন্ত্রক বিবেচনা,Cross-border regulatory considerations,/growth/cross-border-rules,Guide,Medium,
Phase 3: Launching & Growing,Scaling,এজেন্সি থেকে পণ্যে রূপান্তর,Agency-to-product transition,/b2b/agency-to-product,Guide,Medium,
Phase 3: Launching & Growing,Scaling,দ্বিতীয়বারের প্রতিষ্ঠাতাদের বিষয়,Second-time founder topics,/founder-life/second-time-founders,Guide,Medium,
Phase 3: Launching & Growing,Local Market Playbooks,"ফেসবুক পেজ, শপ ও ইনবক্স অপারেশনস সেটআপ","Facebook page, shop and inbox ops setup",/customers/facebook-page-setup,Playbook,High,Social commerce operating guide.
Phase 3: Launching & Growing,Local Market Playbooks,WhatsApp ক্যাটালগ ও ব্রডকাস্ট কাজের ধাপ,WhatsApp catalog and broadcast workflow,/customers/whatsapp-catalog,Playbook,High,Sales ops content.
Phase 3: Launching & Growing,Local Market Playbooks,TikTok ও YouTube Shorts দিয়ে চাহিদা তৈরি,Creating demand with TikTok and YouTube Shorts,/customers/tiktok-shorts,Playbook,Medium,DataReportal source lead for platform usage.
Phase 3: Launching & Growing,Local Market Playbooks,"কমিউনিটি সিডিং: পাবলিক গ্রুপ, ক্যাম্পাস ও নিশ কমিউনিটি","Community seeding in public groups, campuses and niches",/customers/community-seeding,Playbook,Medium,Founder-led distribution.
Phase 3: Launching & Growing,Local Market Playbooks,বাংলাদেশের জন্য রেফারেল প্রোগ্রাম,Referral programs for Bangladesh,/customers/referral-programs,Guide / Template,Medium,Trust-driven acquisition.
Phase 3: Launching & Growing,Local Market Playbooks,বাংলায় কাস্টমার সাপোর্ট স্ক্রিপ্ট,Bangla customer support scripts,/customers/support-scripts,Script,High,Trust and retention.
Phase 3: Launching & Growing,Local Market Playbooks,"মিডিয়া পিচ: Future Startup, দ্য ডেইলি স্টার, টিবিএস ও প্রথম আলো","Media pitch guide: Future Startup, The Daily Star, TBS and Prothom Alo",/customers/media-pitch,Template,Medium,Startup PR.
Phase 3: Launching & Growing,Sales & Distribution,ডিলার ও ডিস্ট্রিবিউটর মডেল,Dealer and distributor model,/growth/dealer-distributor-model,Guide,High,Physical products and regional sales.
Phase 3: Launching & Growing,Sales & Distribution,রিটেইল শেলফে পণ্য বসাবেন কীভাবে,How to get retail shelf placement,/growth/retail-shelf-placement,Guide,Medium,For consumer products.
Phase 3: Launching & Growing,Sales & Distribution,কর্পোরেট পাইলট থেকে পেইড কনট্রাক্ট,From corporate pilot to paid contract,/b2b/pilot-to-contract,Playbook,High,B2B Bangladesh reality.
Phase 3: Launching & Growing,Sales & Distribution,NGO ও উন্নয়ন খাতের পার্টনারশিপ,NGO and development-sector partnerships,/b2b/ngo-partnerships,Guide,Medium,Relevant for impact startups.
Phase 3: Launching & Growing,Sales & Distribution,"পারচেজ অর্ডার, ইনভয়েস ও টাকা তোলার কাজের ধাপ","Purchase order, invoice and collection workflow",/b2b/invoice-collection,Guide / Template,High,SME and B2B sales ops.
Phase 3: Launching & Growing,Logistics & Commerce,"রিটার্ন, রিফান্ড ও এক্সচেঞ্জ নীতির টেমপ্লেট","Return, refund and exchange policy template",/customers/return-policy-template,Template,High,E-commerce trust topic.
Phase 3: Launching & Growing,Logistics & Commerce,কুরিয়ার SLA তুলনা স্কোরকার্ড,Courier SLA comparison scorecard,/operations/courier-sla-scorecard,Scorecard,High,"Pathao, Steadfast, REDX, Paperfly etc."
Phase 3: Launching & Growing,Logistics & Commerce,ঢাকার বাইরে ডেলিভারি জোন পরিকল্পনা,Delivery zone plan outside Dhaka,/growth/delivery-zone-plan,Template,High,Operational planning.
Phase 3: Launching & Growing,Logistics & Commerce,ফেরত আসা ও ব্যর্থ ডেলিভারি কমানোর উপায়,Reducing return-to-origin and failed delivery,/operations/reducing-rto,Guide,High,COD-heavy market issue.
Phase 3: Launching & Growing,Logistics & Commerce,COD জালিয়াতি ও ভুয়া অর্ডার সামলানোর প্লেবুক,COD fraud and fake-order response playbook,/operations/cod-fraud-playbook,Playbook,High,Commerce risk.
Phase 3: Launching & Growing,Metrics & Operations,ক্যাশফ্লো বনাম মুনাফা: ফাউন্ডারদের জন্য সহজ ব্যাখ্যা,Cashflow vs profit in plain language for founders,/metrics/cashflow-vs-profit,Guide,High,Bookkeeping education.
Phase 3: Launching & Growing,Metrics & Operations,"নিচ থেকে গড়া আর্থিক পূর্বাভাস: রেভিনিউ, খরচ ও ক্যাশ রানওয়ে","Bottom-up financial projections: revenue, cost and cash runway",/metrics/financial-projections,Guide / Calculator,High,"Monthly revenue drivers, COGS, payroll, cash runway, base/downside/upside cases, actual-vs-plan review. AI may help with formulas and scenarios, never with business assumptions or authoritative-sounding forecasts. Keep valuation itself on /funding/valuation. Source lead: Accelerating Bangladesh, Financial Projection and Startup Valuation Using AI."
Phase 3: Launching & Growing,Metrics & Operations,ওয়ার্কিং ক্যাপিটাল সাইকেল ক্যালকুলেটর,Working capital cycle calculator,/tools/working-capital-calculator,Calculator,High,Inventory and B2B payment cycles.
Phase 3: Launching & Growing,Metrics & Operations,ইনভেন্টরি টার্নওভার ক্যালকুলেটর,Inventory turnover calculator,/tools/inventory-turnover-calculator,Calculator,Medium,Commerce/physical product metrics.
Phase 3: Launching & Growing,Metrics & Operations,বাংলাদেশে কোহোর্ট ধরে গ্রাহক ধরে রাখার হিসাব,Cohort retention in the Bangladesh context,/metrics/cohort-retention,Guide,Medium,Retention education.
Phase 3: Launching & Growing,Metrics & Operations,প্রাথমিক টিমের ম্যানুয়াল অপারেশনস ড্যাশবোর্ড,Manual ops dashboard for early teams,/metrics/ops-dashboard,Template,High,Google Sheets-first operator tool.
Phase 3: Launching & Growing,Funding,গ্রান্ট আবেদন ক্যালেন্ডার,Grant application calendar,/funding/grant-calendar,Calendar,High,"iDEA, BIG, Startup Bangladesh and accelerators."
Phase 3: Launching & Growing,Funding,BIG আবেদন গাইড,Bangabandhu Innovation Grant application guide,/funding/big-application,Guide,Medium,Source lead: iDEA / BIG.
Phase 3: Launching & Growing,Funding,Startup Bangladesh বিনিয়োগ যাচাই চেকলিস্ট,Startup Bangladesh due diligence checklist,/funding/startup-bangladesh-dd,Checklist,High,Source lead: Startup Bangladesh investment application.
Phase 3: Launching & Growing,Funding,Bangladesh Angels Network যোগাযোগ ট্র্যাকার,Bangladesh Angels Network outreach tracker,/funding/ban-outreach-tracker,Tracker,Medium,Investor CRM variant.
Phase 3: Launching & Growing,Funding,"SAFE, convertible note ও priced round সহজ বাংলায়","SAFE, convertible notes and priced rounds in plain Bangla",/funding/safe-convertible-notes,Guide,High,Translate fundraising mechanics.
Phase 3: Launching & Growing,Funding,পরিবারের টাকা ক্যাপ টেবিলে কীভাবে দেখাবেন,How to reflect family money in the cap table,/funding/family-money-cap-table,Guide,High,Bangladesh-specific funding reality.
Phase 3: Launching & Growing,Funding,"ব্যাংক ঋণ, SME ঋণ নাকি ইকুইটি?","Bank loan, SME loan or equity?",/funding/loan-or-equity,Comparison,Medium,For non-VC businesses too.
Phase 3: Launching & Growing,Funding,ইমপ্যাক্ট ইনভেস্টরদের জন্য প্রস্তুতি: থিওরি অব চেঞ্জ ও ফলাফলের প্রমাণ,Impact investment readiness: theory of change and evidence of outcomes,/funding/impact-investment-readiness,Guide / Checklist,Medium,"Theory of change, financial sustainability, outcome indicators, evidence collection, the impact section of a data room, and how to avoid SDG-washing. Verify frameworks against GIIN IRIS+, the UN SDGs and the IFC impact principles. Source lead: Accelerating Bangladesh, Impact Investments and the SDGs."
Phase 3: Launching & Growing,Funding,NRB বা প্রবাসী বিনিয়োগ নেওয়ার পথ,NRB or diaspora funding path,/funding/diaspora-funding,Guide,High,"Source lead: Startup Bangladesh NRB Connect, Invest Bangladesh."
Phase 3: Launching & Growing,Funding,ইনভেস্টর বোর্ড রিপোর্ট টেমপ্লেট,Investor board report template,/funding/board-report,Template,Medium,Post-funding governance.
Phase 3: Launching & Growing,Scaling,নতুন শহরে লঞ্চ প্লেবুক,City launch playbook,/growth/city-launch-playbook,Playbook,High,For expansion outside Dhaka.
Phase 3: Launching & Growing,Scaling,টিয়ার-২ শহরে লোকাল পার্টনার চেকলিস্ট,Tier-2 city local partner checklist,/growth/tier-2-partners,Checklist,Medium,Distribution and trust.
Phase 3: Launching & Growing,Scaling,বাংলাদেশের জন্য ওয়্যারহাউস হাব মডেল,Warehouse hub model for Bangladesh,/operations/warehouse-hub-model,Guide,Medium,Commerce/logistics.
Phase 3: Launching & Growing,Scaling,"আঞ্চলিক রপ্তানি: নেপাল, ভারত, মধ্যপ্রাচ্য","Regional export: Nepal, India and the Middle East",/growth/regional-export,Guide,Medium,Export-oriented founders.
Phase 3: Launching & Growing,Scaling,দ্বিতীয় অফিস বা কারখানা খুললে কমপ্লায়েন্স চেকলিস্ট,Compliance checklist for a second office or factory,/growth/second-office-compliance,Checklist,Medium,Scale-stage operations.
Phase 4: Ecosystem & Support,Government Programs & Policies,হাই-টেক পার্ক কর্তৃপক্ষের প্রোগ্রামগুলি,Hi-Tech Park Authority programs,/ecosystem/hi-tech-parks,Guide / Directory,Medium,
Phase 4: Ecosystem & Support,Government Programs & Policies,ইনভেস্ট বাংলাদেশ ওয়ান-স্টপ সেবা ও বিনিয়োগ নীতি,Invest Bangladesh one-stop services and investment policy,/ecosystem/bida-oss,Guide / Directory,Medium,
Phase 4: Ecosystem & Support,Government Programs & Policies,আইটি/আইটিইএস-এর জন্য রপ্তানি প্রণোদনা,Export incentives for IT/ITES,/ecosystem/it-export-incentives,Guide / Directory,Medium,
Phase 4: Ecosystem & Support,Government Programs & Policies,প্রযুক্তি সংস্থাগুলির জন্য কর অবকাশ,Tax holidays for tech companies,/ecosystem/tax-holidays,Guide / Directory,Medium,
Phase 4: Ecosystem & Support,Government Programs & Policies,বিশেষ অর্থনৈতিক অঞ্চল,Special Economic Zones,/ecosystem/economic-zones,Guide / Directory,Medium,
Phase 4: Ecosystem & Support,Government Programs & Policies,সরকারি কর্মসূচির আবেদন নির্দেশিকা,Government program application guide,/ecosystem/government-programs,Guide / Directory,Medium,
Phase 4: Ecosystem & Support,Community & Networking,বেসিস সফটএক্সপো,BASIS SoftExpo,/ecosystem/basis-softexpo,Directory / Calendar,Medium,
Phase 4: Ecosystem & Support,Community & Networking,ডিজিটাল বিশ্ব,Digital World,/ecosystem/digital-world,Directory / Calendar,Medium,
Phase 4: Ecosystem & Support,Community & Networking,টেকস্টারস-সংশ্লিষ্ট ইভেন্টগুলি,Techstars-affiliated events,/ecosystem/techstars-events,Directory / Calendar,Medium,
Phase 4: Ecosystem & Support,Community & Networking,প্রতিষ্ঠাতা সম্প্রদায়,Founder communities,/ecosystem/founder-communities,Directory / Calendar,Medium,
Phase 4: Ecosystem & Support,Community & Networking,পরামর্শদান কর্মসূচি,Mentorship programs,/ecosystem/mentorship,Directory / Calendar,Medium,
Phase 4: Ecosystem & Support,Community & Networking,বিশ্ববিদ্যালয় উদ্যোক্তা ইকোসিস্টেম,University entrepreneurship ecosystems,/ecosystem/university-ecosystems,Directory / Calendar,Medium,
Phase 4: Ecosystem & Support,Community & Networking,"ব্র্যাক, এনএসইউ, ডিইউ, আইবিএ উদ্যোক্তা ক্লাব","BRAC, NSU, DU, IBA entrepreneurship clubs",/ecosystem/university-clubs,Directory / Calendar,Medium,
Phase 4: Ecosystem & Support,Community & Networking,অনুষ্ঠান/সুযোগ ক্যালেন্ডার,Event/opportunity calendar,/ecosystem/event-calendar,Directory / Calendar,Medium,
Phase 4: Ecosystem & Support,Government Programs & Policies,ইনভেস্ট বাংলাদেশ OSS অ্যাকাউন্ট খুলে সেবার আবেদন ট্র্যাক করা,Opening an Invest Bangladesh OSS account and tracking service requests,/ecosystem/bida-oss-account,Guide,High,Source lead: Invest Bangladesh OSS.
Phase 4: Ecosystem & Support,Government Programs & Policies,Hi-Tech Park আবেদন পথচিত্র,Hi-Tech Park application path,/ecosystem/hi-tech-park-application,Guide,Medium,Source lead: BHTPA.
Phase 4: Ecosystem & Support,Government Programs & Policies,BASIS সদস্যপদ: কখন দরকার,BASIS membership: when it matters,/ecosystem/basis-membership,Guide,Medium,IT/ITES founder support.
Phase 4: Ecosystem & Support,Government Programs & Policies,e-CAB সদস্যপদ: অনলাইন বিক্রেতাদের জন্য মূল্য,Value of e-CAB membership for online sellers,/ecosystem/e-cab-membership,Guide,Medium,E-commerce support.
Phase 4: Ecosystem & Support,Government Programs & Policies,ছোট উৎপাদন ব্যবসার জন্য BSCIC সহায়তা,BSCIC support for small manufacturing,/ecosystem/bscic,Guide,Medium,Physical business support.
Phase 4: Ecosystem & Support,Community & Networking,বিশ্ববিদ্যালয় E-cell-এর সঙ্গে যোগাযোগ প্লেবুক,University E-cell outreach playbook,/ecosystem/e-cell-outreach,Playbook,Medium,Source and distribution channel.
Phase 4: Ecosystem & Support,Sector Playbooks,ফিনটেক নিয়ন্ত্রক ম্যাপ,Fintech regulatory map,/industries/fintech-regulations,Guide,High,Source lead: Bangladesh Bank.
Phase 4: Ecosystem & Support,Sector Playbooks,ই-কমার্স মার্কেটপ্লেস নিয়ন্ত্রক ম্যাপ,E-commerce marketplace regulatory map,/industries/e-commerce-regulations,Guide,High,Digital commerce and consumer trust.
Phase 4: Ecosystem & Support,Sector Playbooks,অ্যাগ্রিটেক স্টার্টআপ প্লেবুক,Agritech startup playbook,/industries/agritech,Playbook,Medium,"Farmers, middlemen, procurement, payments."
Phase 4: Ecosystem & Support,Sector Playbooks,হেলথটেক নিয়ন্ত্রক ম্যাপ,Healthtech regulatory map,/industries/healthtech-regulations,Guide,High,"DGHS, DGDA and privacy questions."
Phase 4: Ecosystem & Support,Sector Playbooks,এডটেক: অভিভাবকের আস্থা ও গ্রাহক আনার প্লেবুক,Edtech trust and parent acquisition playbook,/industries/edtech,Playbook,Medium,Bangladesh edtech context.
Phase 4: Ecosystem & Support,Sector Playbooks,লজিস্টিকস স্টার্টআপ প্লেবুক,Logistics startup playbook,/industries/logistics,Playbook,Medium,"Courier, fleet, COD and city expansion."
Phase 4: Ecosystem & Support,Sector Playbooks,বাংলাদেশ থেকে SaaS রপ্তানির প্লেবুক,SaaS export playbook from Bangladesh,/industries/saas-export,Playbook,High,"BASIS, FX, payments, global sales."
Phase 4: Ecosystem & Support,Sector Playbooks,RMG ও গার্মেন্টস অ্যাকসেসরিজ ব্যবসার গাইড,RMG and garment accessories startup guide,/industries/rmg-garments,Guide,Medium,Export/manufacturing path.
Phase 4: Ecosystem & Support,Sector Playbooks,খাদ্য ও কৃষিপণ্য প্রক্রিয়াজাতকরণ ব্যবসার গাইড,Food and agro-processing business guide,/industries/agro-processing,Guide,High,"Food safety, packaging, cold chain."
Phase 4: Ecosystem & Support,Sector Playbooks,বিউটি ও পার্সোনাল কেয়ার পণ্য ব্যবসার গাইড,Beauty and personal care product business guide,/industries/beauty-care,Guide,Medium,"Labeling, influencers, retail."
Phase 4: Ecosystem & Support,Sector Playbooks,লাইট ইঞ্জিনিয়ারিং ও হার্ডওয়্যার উৎপাদন গাইড,Light engineering and hardware manufacturing guide,/industries/light-engineering,Guide,Medium,Invest Bangladesh sector lead.
Phase 4: Ecosystem & Support,Sector Playbooks,পর্যটন ও ট্রাভেল স্টার্টআপ গাইড,Tourism and travel startup guide,/industries/travel,Guide,Medium,Travel agency and payment constraints.
Founder Life,Soft Topics,ছাত্র প্রতিষ্ঠাতা সীমাবদ্ধতা,Student founder constraints,/founder-life/student-founders,Guide / Script,Medium,
Founder Life,Soft Topics,পারিবারিক চাপ এবং কর্মজীবনের ঝুঁকি,Family pressure and career risk,/founder-life/family-pressure,Guide / Script,Medium,
Founder Life,Soft Topics,পরিবারের কাছ থেকে না পাওয়ার বিষয়ে আলোচনা: স্ক্রিপ্ট,Negotiating no from family: scripts,/founder-life/negotiating-no,Guide / Script,Medium,
Founder Life,Soft Topics,প্রতিষ্ঠাতার মানসিক স্বাস্থ্য এবং অবসাদ,Founder mental health and burnout,/founder-life/mental-health,Guide / Script,Medium,
Founder Life,Soft Topics,"ঈদ বা বিয়ের অনুষ্ঠানে আত্মীয়স্বজনরা জিজ্ঞাসা করলে কী বলবেন, এটা কি কোনো চাকরি",What to say at Eid/wedding gatherings when relatives ask if this is a job,/founder-life/eid-gathering-scripts,Guide / Script,Medium,
Founder Life,Soft Topics,"নারী উদ্যোক্তাদের সীমাবদ্ধতা: নিরাপত্তা, ক্লায়েন্ট মিটিং, ভ্রমণ, দৃশ্যমানতা","Women founder constraints: safety, client meetings, travel, visibility",/founder-life/women-founders,Guide / Script,Medium,
Founder Life,Soft Topics,প্রবাসী ফাউন্ডারদের সুবিধা,Diaspora founder advantages,/founder-life/diaspora-advantages,Guide / Script,Medium,
Founder Life,Soft Topics,প্রবাসী ফাউন্ডারদের সীমাবদ্ধতা,Diaspora founder constraints,/founder-life/diaspora-constraints,Guide / Script,Medium,
Founder Life,Soft Topics,পরিবারের আপত্তি সামলানোর স্ক্রিপ্ট: চাকরি না ব্যবসা?,Family objection scripts: job or business?,/founder-life/family-objection-scripts,Script,High,Bangladesh founder-life pain point.
Founder Life,Soft Topics,নারী প্রতিষ্ঠাতার ক্লায়েন্ট মিটিং নিরাপত্তা পরিকল্পনা,Women founder safety plan for client meetings,/founder-life/women-safety-plan,Guide / Checklist,High,Handle sensitively with founder input.
Founder Life,Soft Topics,শিক্ষার্থী প্রতিষ্ঠাতার সেমিস্টার পরিকল্পনা,Student founder semester plan,/founder-life/student-semester-plan,Template,Medium,University founder workflow.
Founder Life,Soft Topics,প্রতিষ্ঠাতার মানসিক স্বাস্থ্য সহায়তা ম্যাপ,Founder mental health support map,/founder-life/mental-health-support,Directory,Medium,Bangla-language support gap.
Founder Life,Soft Topics,প্রবাসী সহ-প্রতিষ্ঠাতা ও স্থানীয় অপারেটরের সম্পর্ক,Diaspora co-founder and local operator relationship,/founder-life/diaspora-local-operator,Guide,High,NRB/diaspora journey.
Case Studies,Success Stories,বিকাশ,bKash,/case-studies/bkash,Case Study,Medium,
Case Studies,Success Stories,পাঠাও,Pathao,/case-studies/pathao,Case Study,Medium,
Case Studies,Success Stories,চালডাল,Chaldal,/case-studies/chaldal,Case Study,Medium,
Case Studies,Success Stories,ShopUp / SILQ,ShopUp / SILQ,/case-studies/shopup-silq,Case Study,Medium,
Case Studies,Success Stories,১০ মিনিট স্কুল,10 Minute School,/case-studies/10-minute-school,Case Study,Medium,
Case Studies,Success Stories,শিখো,Shikho,/case-studies/shikho,Case Study,Medium,
Case Studies,Success Stories,আইফার্মার,iFarmer,/case-studies/ifarmer,Case Study,Medium,
Case Studies,Success Stories,ট্রাক লাগবে,Truck Lagbe,/case-studies/truck-lagbe,Case Study,Medium,
Case Studies,Success Stories,Sheba.xyz,Sheba.xyz,/case-studies/shebaxyz,Case Study,Medium,
Case Studies,Success Stories,সহজ,Shohoz,/case-studies/shohoz,Case Study,Medium,
Case Studies,Success Stories,শেয়ারট্রিপ,ShareTrip,/case-studies/sharetrip,Case Study,Medium,
Case Studies,Success Stories,যাত্রী,Jatri,/case-studies/jatri,Case Study,Medium,
Case Studies,Success Stories,শাটল,Shuttle,/case-studies/shuttle,Case Study,Medium,
Case Studies,Success Stories,প্রিয়শপ,PriyoShop,/case-studies/priyoshop,Case Study,Medium,
Case Studies,Success Stories,সাজগোজ,Shajgoj,/case-studies/shajgoj,Case Study,Medium,
Case Studies,Success Stories,মায়া,Maya,/case-studies/maya,Case Study,Medium,
Case Studies,Success Stories,প্রাভা হেলথ,Praava Health,/case-studies/praava-health,Case Study,Medium,
Case Studies,Success Stories,আরোগ্য,Arogga,/case-studies/arogga,Case Study,Medium,
Case Studies,Success Stories,মেডইজি,MedEasy,/case-studies/medeasy,Case Study,Medium,
Case Studies,Success Stories,মার্কোপোলো এআই,Markopolo AI,/case-studies/markopolo-ai,Case Study,Medium,
Case Studies,Success Stories,Revora (আগের নাম MyAlice),Revora (formerly MyAlice),/case-studies/myalice,Case Study,Medium,Rebranded from MyAlice to Revora in June 2026; keep the legacy route.
Case Studies,Success Stories,গোযায়ান,GoZayaan,/case-studies/gozayaan,Case Study,Medium,
Case Studies,Success Stories,রকমারি,Rokomari,/case-studies/rokomari,Case Study,Medium,
Case Studies,Success Stories,বিডিজবস.কম,Bdjobs.com,/case-studies/bdjobs,Case Study,Medium,
Case Studies,Success Stories,পিকাবু,Pickaboo,/case-studies/pickaboo,Case Study,Medium,
Case Studies,Success Stories,পেপারফ্লাই,Paperfly,/case-studies/paperfly,Case Study,Medium,
Case Studies,Success Stories,খাস ফুড,Khaas Food,/case-studies/khaas-food,Case Study,Medium,
Case Studies,Success Stories,অন্যরকম গ্রুপ,OnnoRokom Group,/case-studies/onnorokom-group,Case Study,Medium,
Case Studies,Failure & Lessons,ব্যর্থতার পোস্টমর্টেম: আলাদা ধরনের কেস স্টাডি,Failure post-mortems as a separate content category,/case-studies/failure-post-mortems,Case Study / Post-mortem,High,
Case Studies,Failure & Lessons,সফল কেস স্টাডিতে যেসব তথ্য বাদ পড়ে,What success case studies leave out,/case-studies/what-success-case-studies-leave-out,Case Study / Post-mortem,High,
Case Studies,Failure & Lessons,বাংলাদেশি স্টার্টআপ ব্যর্থ হয় কেন,Common reasons Bangladeshi startups fail,/case-studies/why-startups-fail,Case Study / Post-mortem,High,
Case Studies,Failure & Lessons,"কোন কৌশল কাজে লাগেনি, আর কেন",What did not work and why,/case-studies/what-did-not-work-and-why,Case Study / Post-mortem,High,
Case Studies,Success Stories,ফসল কেস স্টাডি,Fashol case study,/case-studies/fashol,Case Study,Medium,Agritech/physical distribution.
Case Studies,Success Stories,SOLshare কেস স্টাডি,SOLshare case study,/case-studies/solshare,Case Study,Medium,Energy/climate tech.
Case Studies,Success Stories,ফ্যাব্রিলাইফ কেস স্টাডি,Fabrilife case study,/case-studies/fabrilife,Case Study,Medium,D2C apparel and social commerce.
Case Studies,Success Stories,Apon Wellbeing কেস স্টাডি,Apon Wellbeing case study,/case-studies/apon-wellbeing,Case Study,Medium,Worker benefits and B2B2C.
Case Studies,Success Stories,ফসল বনাম আইফার্মার: শুরুর গ্রাহক বাছাইয়ের কৌশল,Fashol vs iFarmer: agritech wedge comparison,/case-studies/fashol-vs-ifarmer,Case Study / Comparison,Medium,Compare market entry strategies.
Case Studies,Failure & Lessons,অগ্রিম পেমেন্ট নেওয়া ই-কমার্সের ব্যর্থতা থেকে শিক্ষা,Lessons from advance-payment e-commerce failures in Bangladesh,/case-studies/advance-payment-failures,Post-mortem,High,"Trust, escrow, refunds and regulation."
Case Studies,Failure & Lessons,মার্কেটপ্লেসে ভরসা ভেঙে পড়ার পোস্টমর্টেম টেমপ্লেট,Marketplace trust-collapse post-mortem template,/case-studies/marketplace-trust-collapse,Template,High,Reusable failure format.
Case Studies,Failure & Lessons,গ্রাহকের টাকা ধরে রাখা ব্যবসার মডেল কেন ঝুঁকিপূর্ণ,Why holding customer money is a risky business model,/case-studies/holding-customer-money,Guide / Post-mortem,High,Relevant to commerce and fintech.
Phase 3: Launching & Growing,Funding,ফান্ডিং রোডম্যাপ – বাংলাদেশে স্টার্টআপের টাকা কোথা থেকে আসে,Funding roadmap: where startup money comes from in Bangladesh,/funding,Guide,High,Top-level orientation page at /funding-roadmap (added 2026-07-08); homepage funding card and sidebar funding group point here instead of the phase-three stub wall.
Directory,Startup Watchlist,দেশি স্টার্টআপ ৫০,The Deshi Startup 50,/startup-50,Directory / Startup Watchlist,High,"50 Bangladeshi startups to watch in 2026, with useful company details, regular updates and public suggestions."
